Outlet;ADJ;Cabinet
11-0010;582847;FV762CF2
11-0010;582866;FV762CF2
11-0010;582869;FV762CF2
11-0010;582884;FV762CF2
11-0010;582890;FV762CF2
11-0010;582901;FV762CF2
11-0010;582925;FV762CF2
11-0010;582926;FV762CF2
11-0010;582932;FV762CF2
11-0010;582944;FV762CF2
11-0010;582949;FV762CF2
11-0010;582964;FV762CF2
11-0010;582969;FV762CF2
11-0010;584258;FV762CF2
11-0010;584332;FV762CF2
11-0010;750582;FV623ACF2
11-0010;750583;FV623ACF2
11-0010;750584;FV623ACF2
11-0010;750585;FV623ACF2
11-0010;750586;FV623ACF2
11-0010;750587;FV623ACF2
11-0010;750588;FV623ACF2
11-0010;750589;FV623ACF2
11-0010;750590;FV623ACF2
11-0010;750592;FV623ACF2
11-0010;750598;FV623ACF2
11-0010;750601;FV623ACF2
11-0010;750606;FV623ACF2
11-0010;750607;FV623ACF2
11-0010;750608;FV623ACF2
11-0010;750611;FV623ACF2
11-0010;750612;FV623ACF2
11-0010;750621;FV623ACF2
11-0010;750622;FV623ACF2
11-0010;750623;FV623ACF2
11-0010;750624;FV623ACF2
11-0010;750625;FV623ACF2
11-0010;750627;FV623ACF2
11-0010;750631;FV623ACF2
11-0010;753459;FV880F2
11-0010;753468;FV880F2
11-0010;753472;FV880F2
11-0010;753473;FV880F2
11-0010;753475;FV880F2
11-0010;757372;FV637CF2
11-0010;757375;FV637CF2
11-0010;757379;FV637CF2
11-0010;757460;FV637CF2
11-0010;757462;FV637CF2
11-0010;757463;FV637CF2
11-0010;757465;FV637CF2
11-0010;757467;FV637CF2
11-0010;761929;FV834F2
11-0010;761942;FV834F2
11-0010;761950;FV834F2
11-0010;761951;FV834F2
11-0010;764801;FV610CF2
11-0010;764805;FV610CF2
11-0010;764842;FV610CF2
11-0010;764851;FV610CF2
11-0010;764857;FV610CF2
11-0010;764859;FV610CF2
11-0004;582848;FV762CF2
11-0004;582851;FV762CF2
11-0004;582873;FV762CF2
11-0004;582878;FV762CF2
11-0004;582904;FV762CF2
11-0004;582933;FV762CF2
11-0004;582954;FV762CF2
11-0004;753447;FV880F2
11-0004;753452;FV880F2
11-0004;753458;FV880F2
11-0004;753474;FV880F2
11-0004;753478;FV880F2
11-0004;753479;FV880F2
11-0004;753492;FV880F2
11-0004;753493;FV880F2
11-0004;755737;FV624ACF2
11-0004;755742;FV624ACF2
11-0004;755754;FV624ACF2
11-0004;755755;FV624ACF2
11-0004;755762CF2;FV624ACF2
11-0004;755766;FV624ACF2
11-0004;755769;FV624ACF2
11-0004;755774;FV624ACF2
11-0004;755779;FV624ACF2
11-0004;755781;FV624ACF2
11-0004;755785;FV624ACF2
11-0004;755786;FV624ACF2
11-0004;761920;FV834F2
11-0004;761926;FV834F2
11-0004;761927;FV834F2
11-0004;761939;FV834F2
11-0004;761944;FV834F2
11-0004;761952;FV834F2
11-0004;761956;FV834F2
11-0004;761962;FV834F2
11-0004;761963;FV834F2
11-0004;761966;FV834F2
11-0004;764792;FV610CF2
11-0004;764799;FV610CF2
11-0004;764804;FV610CF2
11-0004;764825;FV610CF2
11-0004;764826;FV610CF2
11-0004;764834F2;FV610CF2
11-0004;764841;FV610CF2
11-0004;764849;FV610CF2
11-0004;764852;FV610CF2
11-0004;764853;FV610CF2
11-0004;764876;FV610CF2
11-0004;764880F2;FV610CF2
11-0007;582852;FV762CF2
11-0007;582883;FV762CF2
11-0007;582905;FV762CF2
11-0007;582908;FV762CF2
11-0007;582909;FV762CF2
11-0007;582918;FV762CF2
11-0007;582958;FV762CF2
11-0007;584245;FV762CF2
11-0007;584255;FV762CF2
11-0007;584261;FV762CF2
11-0007;584271;FV762CF2
11-0007;584285;FV762CF2
11-0007;584286;FV762CF2
11-0007;584287;FV762CF2
11-0007;584292;FV762CF2
11-0007;584306;FV762CF2
11-0007;584351;FV762CF2
11-0007;584366;FV762CF2
11-0007;755736;FV624ACF2
11-0007;755739;FV624ACF2
11-0007;755743;FV624ACF2
11-0007;755744;FV624ACF2
11-0007;755745;FV624ACF2
11-0007;755746;FV624ACF2
11-0007;755747;FV624ACF2
11-0007;755748;FV624ACF2
11-0007;755750;FV624ACF2
11-0007;755752;FV624ACF2
11-0007;755753;FV624ACF2
11-0007;755756;FV624ACF2
11-0007;755757;FV624ACF2
11-0007;755758;FV624ACF2
11-0007;755759;FV624ACF2
11-0007;755760;FV624ACF2
11-0007;755761;FV624ACF2
11-0007;755763;FV624ACF2
11-0007;755764;FV624ACF2
11-0007;755765;FV624ACF2
11-0007;755768;FV624ACF2
11-0007;755772;FV624ACF2
11-0007;755773;FV624ACF2
11-0007;755775;FV624ACF2
11-0007;755776;FV624ACF2
11-0007;755777;FV624ACF2
11-0007;755778;FV624ACF2
11-0007;755782;FV624ACF2
11-0007;757373;FV637CF2
11-0007;757398;FV637CF2
11-0007;757433;FV637CF2
11-0007;757445;FV637CF2
11-0007;757448;FV637CF2
11-0007;757452;FV637CF2
11-0007;764846;FV637CF2
11-0007;764850;FV637CF2
11-0007;764862;FV637CF2
11-0007;764865;FV637CF2
11-0007;764871;FV637CF2
11-0007;764878;FV637CF2
11-0007;786467;FV834F2
11-0007;786475;FV834F2
11-0008;582853;FV762CF2
11-0008;582863;FV762CF2
11-0008;582868;FV762CF2
11-0008;582880F2;FV762CF2
11-0008;582895;FV762CF2
11-0008;582896;FV762CF2
11-0008;582897;FV762CF2
11-0008;582928;FV762CF2
11-0008;582930;FV762CF2
11-0008;582945;FV762CF2
11-0008;582965;FV762CF2
11-0008;582966;FV762CF2
11-0008;582971;FV762CF2
11-0008;584262;FV762CF2
11-0008;584264;FV762CF2
11-0008;584337;FV762CF2
11-0008;750576;FV623ACF2
11-0008;750577;FV623ACF2
11-0008;750578;FV623ACF2
11-0008;750579;FV623ACF2
11-0008;750580;FV623ACF2
11-0008;750581;FV623ACF2
11-0008;750595;FV623ACF2
11-0008;750603;FV623ACF2
11-0008;750604;FV623ACF2
11-0008;750605;FV623ACF2
11-0008;750610CF2;FV623ACF2
11-0008;750613;FV623ACF2
11-0008;757393;FV637CF2
11-0008;757397;FV637CF2
11-0008;757400;FV637CF2
11-0008;757401;FV637CF2
11-0008;757402;FV637CF2
11-0008;757412;FV637CF2
11-0008;758909;FV834F2
11-0008;761928;FV834F2
11-0008;764863;FV610CF2
11-0008;764867;FV610CF2
11-0008;764868;FV762CF2
11-0008;764879;FV610CF2
11-0008;764883;FV610CF2
11-0008;764888;FV610CF2
11-0005;750651;FV623ACF2
11-0005;750655;FV623ACF2
11-0005;750662;FV623ACF2
11-0005;750664;FV623ACF2
11-0005;753454;FV880F2
11-0005;753455;FV880F2
11-0005;753456;FV880F2
11-0005;753460;FV880F2
11-0005;753462;FV880F2
11-0005;753489;FV880F2
11-0005;755741;FV624ACF2
11-0005;755749;FV624ACF2
11-0005;755770;FV624ACF2
11-0005;755780;FV624ACF2
11-0005;755783;FV624ACF2
11-0005;755784;FV624ACF2
11-0005;757377;FV637CF2
11-0005;757390;FV637CF2
11-0005;757394;FV637CF2
11-0005;757396;FV637CF2
11-0005;757410;FV637CF2
11-0005;757411;FV637CF2
11-0005;757442;FV637CF2
11-0005;757453;FV637CF2
11-0005;757461;FV637CF2
11-0005;757466;FV637CF2
11-0005;761932;FV834F2
11-0005;761941;FV834F2
11-0005;764800;FV610CF2
11-0005;764843;FV610CF2
11-0005;764847;FV610CF2
11-0005;764854;FV610CF2
11-0005;764869;FV610CF2
11-0005;764882;FV610CF2
11-0005;764885;FV610CF2
11-0005;764889;FV610CF2
